audi s4,https://www.youtube.com/watch?v=kQK0Sj9v3Ic
1080p hd video,https://www.youtube.com/watch?v=YIwuCs1Yovw
basketball fights,https://www.youtube.com/watch?v=Y1G6Sx170kA
abs blogilates,https://www.youtube.com/watch?v=Y-pJ6q2fMEU
chris brown liquor,https://www.youtube.com/watch?v=GBtKV9GrHxg
ariana grande focus without music,https://www.youtube.com/watch?v=YjP9bbard4s
barbie girl song,https://www.youtube.com/watch?v=o_Duyxhf9vQ
679 fetty wap 1 hour,https://www.youtube.com/watch?v=O2QD2j-tyI8
abc mouse,https://www.youtube.com/watch?v=beT_KcblaBI&list=PLU5T7sDbiGxQeFhKrqOaB_c4gj-cpaVSQ
adele hello,https://www.youtube.com/watch?v=-yL7VP4-kP4
banks waiting game,https://www.youtube.com/watch?v=cLs0oWq2ovo
animal farm,https://www.youtube.com/watch?v=LAeKX5n-5IE
candy candy,https://www.youtube.com/watch?v=LFjZjXHrLU0
chase rice whisper,https://www.youtube.com/watch?v=xH8R1Mt7IA8
civil war trailer 2 reaction,https://www.youtube.com/watch?v=8HBQeQ27Yrw
arsenal vs west brom 2016,https://www.youtube.com/watch?v=3rH92uypBkY
chapo guzman entrevista,https://www.youtube.com/watch?v=wh5JeDI8mds
birds chirping sound effect,https://www.youtube.com/watch?v=8WwNJxL-8_k
cannabis oil cancer cure,https://www.youtube.com/watch?v=teKzQJ_j0fA
car fails,https://www.youtube.com/watch?v=oYoKnemfpTc
air force ones nelly,https://www.youtube.com/watch?v=q6wbXf8jj9M
college football pump up 2015-16,https://www.youtube.com/watch?v=xUm2BW7VY6I
big bang theory,https://www.youtube.com/watch?v=A2VZ5QxCVNA
beyonce halo,https://www.youtube.com/watch?v=yW8qsL1nDPM
cooking channel,https://www.youtube.com/watch?v=3_UvSmTpKGY
abs workout for men,https://www.youtube.com/watch?v=jdmK1XmPgso
call of duty ghost,https://www.youtube.com/watch?v=Zxnx3W-HA18
cristiano araujo hoje eu to terrivel,https://www.youtube.com/watch?v=nf3igFRSDsA
abc jackson 5,https://www.youtube.com/watch?v=JxpmbEATBH0
barcelona vs deportivo cuenca 2016,https://www.youtube.com/watch?v=aORUMmo1L68
cancer story,https://www.youtube.com/watch?v=2E5kL-Hyx7Y
candy cameo,https://www.youtube.com/watch?v=5w2Anvecs6s
ariana grande let me love you,https://www.youtube.com/watch?v=eYtq6eA5m5k
bts run japanese version,https://www.youtube.com/watch?v=rZstHq8CQF0
bts live boy in luv,https://www.youtube.com/watch?v=sVxofSZc0eU
1080p test,https://www.youtube.com/watch?v=1-UdWS4RAA4
britney spears criminal,https://www.youtube.com/watch?v=qqK0rN0BmGk
679 fetty wap lyrics clean,https://www.youtube.com/watch?v=OhG1Yr_3Zg0
android wear,https://www.youtube.com/watch?v=3QKykbwzLpQ
christmas songs 2015,https://www.youtube.com/watch?v=SnA52s7qceM&list=PLvCAdHtM7JyNtk6SGfLCANxAGq4hStBsO
blackberry molasses,https://www.youtube.com/watch?v=imvqWzo-V8k
banana bus,https://www.youtube.com/watch?v=sHr4B6UAGOs
arsenal vs watford,https://www.youtube.com/watch?v=a3S1Hw-lRhg
adele carpool karaoke,https://www.youtube.com/watch?v=Ptx8sJp-kDY
chapo guzman interview,https://www.youtube.com/watch?v=1ZA1AWlirMw
barbie movies,https://www.youtube.com/watch?v=i2MCVKAFStk
badlapur songs,https://www.youtube.com/watch?v=ziTHTlmPdhQ
abs workout at home,https://www.youtube.com/watch?v=k9AT65aogVs
bts dance cover,https://www.youtube.com/watch?v=75NF4XhNrcw
cannabis culture,https://www.youtube.com/watch?v=VDef1xco-ho
buzzfeed ladylike,https://www.youtube.com/watch?v=KErUeTcsqp4
chase utley slide,https://www.youtube.com/watch?v=SiY2GtBrHug
3d video,https://www.youtube.com/watch?v=FSGfN9rr78Q
cristiano araujo mente pra mim,https://www.youtube.com/watch?v=k_ivdZfcWP8
coc hack,https://www.youtube.com/watch?v=mxXCmGJYLTA
bodybuilding transformation,https://www.youtube.com/watch?v=VE_5T0dTGnk
birds of prey,https://www.youtube.com/watch?v=dkcDfDQHPLc
birds and the bees,https://www.youtube.com/watch?v=TGDV3iD4Uxo
ariana grande focus instrumental,https://www.youtube.com/watch?v=yA0h3BWmwZ8
amy winehouse back to black,https://www.youtube.com/watch?v=2NVvzRt8fTs
coc movie,https://www.youtube.com/watch?v=nQ_haNuzWEY
beyonce formation,https://www.youtube.com/watch?v=lMAISeUGcyY
360 video horror,https://www.youtube.com/watch?v=et2Z-Jk5dds
cooking with kylie,https://www.youtube.com/watch?v=HuaAgNje5mk
boom boom,https://www.youtube.com/watch?v=3umBIbmcAeo
3d movies,https://www.youtube.com/watch?v=Gcc0jh6DDwY&list=PL-qyP9X1OyeQDZIMXstZG48-XHMD-8W2_
5s iphone,https://www.youtube.com/watch?v=wGCetsl-srk
cat fails,https://www.youtube.com/watch?v=ntza_9lbbc0
ariana grande focus lyrics,https://www.youtube.com/watch?v=-JSTvXeMHTw
boom clap charli xcx,https://www.youtube.com/watch?v=AOPMlIIg_38
call of duty infinite warfare,https://www.youtube.com/watch?v=G5tuqJFWVHU
banks live,https://www.youtube.com/watch?v=QTjnCLAyDw8
civil war trailer,https://www.youtube.com/watch?v=dKrVegVI0Us
android authority,https://www.youtube.com/watch?v=mo6nF-T58PA
call of duty infinity ward,https://www.youtube.com/watch?v=8lJDXZgb0ac
civil war spiderman,https://www.youtube.com/watch?v=KA-KxpHQcII
bmw m3,https://www.youtube.com/watch?v=VQsxbuY6yXw
chocolate salty balls,https://www.youtube.com/watch?v=W6uSS4wBO8E
civil war tv spot,https://www.youtube.com/watch?v=QciVC11E3Ao
desert eagle,https://www.youtube.com/watch?v=8LNBxxoVSn8
679 fetty wap featuring remy boyz,https://www.youtube.com/watch?v=wxMZkhWum64
3d printed gun,https://www.youtube.com/watch?v=IylGx-48TUI
big bang theory full episodes,https://www.youtube.com/watch?v=A9RcouViR9o&list=PLVpqyN56rDNSmDQci5huHHRSOuXM4PX9t
autocad 2016,https://www.youtube.com/watch?v=mdolFcEHU-c&list=PLXEyem_18syOyJAMqxwetICD6xJALuHpW
360 no scope,https://www.youtube.com/watch?v=yZlxc6NJvZc
barcelona vs real madrid 2015,https://www.youtube.com/watch?v=PtjhwYdr5tk
baby alive,https://www.youtube.com/watch?v=mHOEARogPik
animal jam vines,https://www.youtube.com/watch?v=Lko-PLW8g70
chandelier sia,https://www.youtube.com/watch?v=vHR4oOIcVZo
angry birds go,https://www.youtube.com/watch?v=XreVL3Q0Gyk
cristiano araujo efeitos,https://www.youtube.com/watch?v=IYLhExE-5fQ&list=PLT0SpPxj0t3mAun7J3Nzf9SnbSNOcsxDa
dinosaur movie,https://www.youtube.com/watch?v=wnY13ftzi-c
bmw 7 series 2016,https://www.youtube.com/watch?v=sV9fhBwIGO8
hairstyles for men,https://www.youtube.com/watch?v=1t0U8oebod8
banana pancakes jack johnson,https://www.youtube.com/watch?v=JWtvXOpmO_A
audi a6,https://www.youtube.com/watch?v=lr7mPzjTgC0
bmw x6,https://www.youtube.com/watch?v=ENbdAAF1bmo
bodybuilding workout,https://www.youtube.com/watch?v=MVpvilPZkJQ
crossfit girls,https://www.youtube.com/watch?v=fFvcmsoJOl4
barcelona vs valencia,https://www.youtube.com/watch?v=jUHNAFwdKLg
anaconda vs lion,https://www.youtube.com/watch?v=EIyGo_MjqKs
babymetal,https://www.youtube.com/watch?v=dbODbQMm5Wc
barcelona vs sporting gijon 2016,https://www.youtube.com/watch?v=6vzjqo-772w
chandelier acapella,https://www.youtube.com/watch?v=6PxEY_kUm-w
blackberry z10,https://www.youtube.com/watch?v=SE9tJKS7MBQ
chocolate rain,https://www.youtube.com/watch?v=2x2W12A8Qow
3d sound,https://www.youtube.com/watch?v=vgWmA2Qn8zc
agario hack,https://www.youtube.com/watch?v=vdDRamfUpXc
autocad 3d,https://www.youtube.com/watch?v=3lx_FWEQLag
car karaoke james corden,https://www.youtube.com/watch?v=uQereoIxioI
brock lesnar vs dean ambrose,https://www.youtube.com/watch?v=Q_fnzeDCiWo
big bang loser,https://www.youtube.com/watch?v=9HpgGq3_ww0
bts butterfly,https://www.youtube.com/watch?v=lz-_cfI1Vdc
bugatti ace hood,https://www.youtube.com/watch?v=1Iw-hbXWzGM
ark survival evolved dragon,https://www.youtube.com/watch?v=hrsywopY0u0
bebe rexha,https://www.youtube.com/watch?v=NRyTUN0Cz4U
truck tug of war,https://www.youtube.com/watch?v=r_-fUPY4mjc
5s lean,https://www.youtube.com/watch?v=tUtc3x3xDFc
bernie sanders debate,https://www.youtube.com/watch?v=vzO-JYjEcHE
cartel de santa suena mamalona,https://www.youtube.com/watch?v=jVjJ6LXSmG8
christmas songs for children,https://www.youtube.com/watch?v=eQ34DSTjsLQ&list=PLA-vix1dc3M6VOf5MgK1KkWHtxMX1_58j
buzzfeed india,https://www.youtube.com/watch?v=AlB2hJXHP_4
black and yellow wiz khalifa,https://www.youtube.com/watch?v=jU7dzfFMo8w
coc comedy,https://www.youtube.com/watch?v=aP64eHVILIE
christmas lights,https://www.youtube.com/watch?v=HmMF5XSncG0
android n,https://www.youtube.com/watch?v=v1IocBl_5UM
christmas in hollywood,https://www.youtube.com/watch?v=h_FV01Diqn0
360 video,https://www.youtube.com/watch?v=-YYhc_bEYK4
360 video minecraft,https://www.youtube.com/watch?v=mxT_BVOIAtw
baby kaely,https://www.youtube.com/watch?v=ncN-axCFF4A
chocolate spongebob,https://www.youtube.com/watch?v=i-HFbEbBrhA
chandelier trent harmon,https://www.youtube.com/watch?v=J0SUW_lmZxY
bodybuilding motivation,https://www.youtube.com/watch?v=Apu3ArZNjJA
candy girl new edition,https://www.youtube.com/watch?v=1PZHG4_bKxA
aruan ortiz hidden voices,https://www.youtube.com/watch?v=3QLWJZlhg3Q
crtani za bebe,https://www.youtube.com/watch?v=QkA8KIhzSY0
aib alia bhatt,https://www.youtube.com/watch?v=uBwfDO52En0
bus crash,https://www.youtube.com/watch?v=vB3gJRRHhz8
boom boom boom boom vengaboys,https://www.youtube.com/watch?v=YKNkC6Sk7DU
bts dance girl group,https://www.youtube.com/watch?v=DMqoTBN-uXk
bloodborne game grumps,https://www.youtube.com/watch?v=TGofzK1DGds
college move in day,https://www.youtube.com/watch?v=snzDwACffzs
bernie sanders snl,https://www.youtube.com/watch?v=bzbF0CszTt8
android marshmallow,https://www.youtube.com/watch?v=fH27N690SIU
angry birds toon,https://www.youtube.com/watch?v=guFgKAE4S9I
big bang bae bae,https://www.youtube.com/watch?v=TKD03uPVD-Q
brock lesnar theme,https://www.youtube.com/watch?v=6K07yVtzioI
anaconda movie,https://www.youtube.com/watch?v=JWqaTJbxbW0
audi a7,https://www.youtube.com/watch?v=Q5zA86s5GZc
crossfit behind the scenes 2015,https://www.youtube.com/watch?v=AL-jGGlhm_A
bus song,https://www.youtube.com/watch?v=8vrQA-DTp0g&list=PLh9dqRgNUcGvew-T_8Q2LExxcZ2vdsDt9
brock lesnar vs big show,https://www.youtube.com/watch?v=znpFsE6bwMU
360jeezy,https://www.youtube.com/watch?v=T2yZmV_73LE
beyonce hold up,https://www.youtube.com/watch?v=i0gMh3i6qTk
cid 1349,https://www.youtube.com/watch?v=1jav0e32L8o
anitta zen,https://www.youtube.com/watch?v=uJcbhRzy_UM
bus driver beats up girl,https://www.youtube.com/watch?v=zcKYeTlWbWg
cannabis 2016,https://www.youtube.com/watch?v=yb0Prix20Tc
chapo guzman documentary,https://www.youtube.com/watch?v=woWeIMjXY9M
cooking with dog,https://www.youtube.com/watch?v=z9D9jpuplBo
chapo guzman movie,https://www.youtube.com/watch?v=woWeIMjXY9M
big bang fantastic baby,https://www.youtube.com/watch?v=epj3e8nNpVM
cat stevens,https://www.youtube.com/watch?v=hr0rDW5j1KU
5s online offline,https://www.youtube.com/watch?v=EfsWBXcWUpg
bmw m6,https://www.youtube.com/watch?v=WoiLRgKEHgE
borro cassette maluma,https://www.youtube.com/watch?v=oRWgFGsQcUk
college basketball,https://www.youtube.com/watch?v=p9lqZ4wPCIA
big bang theory season 9,https://www.youtube.com/watch?v=SWZi_2vICLk
adana merkez remix,https://www.youtube.com/watch?v=IFfK_EmHaRs
blok ekipa 79,https://www.youtube.com/watch?v=eUQLwpRa5vc
bmw m5,https://www.youtube.com/watch?v=gLX-LSNpfTY
360 degree,https://www.youtube.com/watch?v=K5Cj8Her_6s
basketball drills,https://www.youtube.com/watch?v=mzOpFFBIlSo
banana phone,https://www.youtube.com/watch?v=j5C6X9vOEkU
cannabis rapper,https://www.youtube.com/watch?v=foQ7x5r61XQ
beyonce lemonade album,https://www.youtube.com/watch?v=BB5zLq1zcdo&list=PLxKHVMqMZqUSPF11Ghs0KqDfOGhB9Vw5E
chase pig commercial,https://www.youtube.com/watch?v=kDcfM9QQsWs
bts run teaser,https://www.youtube.com/watch?v=GdQu9kqR4aY
bts dance practice dope,https://www.youtube.com/watch?v=wnmulgX_l9E
cooking videos,https://www.youtube.com/watch?v=8KX2V0vMEOY
boom boom boom boom empire,https://www.youtube.com/watch?v=FLx1aEqq6HA
childish gambino bonfire,https://www.youtube.com/watch?v=qL1B_r9nC9k
amy winehouse love is a losing game,https://www.youtube.com/watch?v=nMO5Ko_77Hk
bebe rexha live,https://www.youtube.com/watch?v=bTr_Dkk1_bM
ariana grande dangerous woman,https://www.youtube.com/watch?v=naMeIpGcHtA
cartel de santa doctor marihuana,https://www.youtube.com/watch?v=cXn9E9POjnE
chase bryant,https://www.youtube.com/watch?v=YeLqgmVJk0Y
aib knockout salman khan,https://www.youtube.com/watch?v=F3nqJMtfE2E
bus stop,https://www.youtube.com/watch?v=It75wQ0JypA
cat in the hat,https://www.youtube.com/watch?v=1OSStCz6EdY
